temperature_C,weight_kg,height_cm,activity_label,gender,water_glasses
15.57958364,57.23796877,165,Low,Male,9.467497094
21.28472461,63.8508023,163.8,Low,Male,10.70630542
23.79865481,43.24450255,161,Medium,Male,12.23984484
12.45477448,68.68940911,155.9,High,Female,16.21985323
30.12343554,87.87388013,168.6,Medium,Male,18.02005869
34.96014882,107.4651302,153.7,High,Female,22.60595825
22.03585881,61.2879541,171.8,Medium,Male,12.34704225
0.085006535,59.29100459,161.2,Low,Female,8.467567519
25.12398007,72.88579307,159.8,Medium,Female,13.9649802
30.93380418,71.16305202,164.6,High,Male,17.99393845
26.82293959,80.30076491,169.9,Medium,Male,14.97730964
20.27990031,56.19164031,160,Low,Female,9.720786722
28.16476428,56.31103464,171.1,Medium,Female,14.13379226
18.52508085,77.50477174,168,Medium,Female,15.8648677
1.987972061,75.70582175,176.7,Medium,Male,14.32621981
18.99207279,60.86053127,146.3,Medium,Female,13.93577114
13.74951883,53.06761174,170,High,Male,14.47793687
23.21454424,82.49706463,173,High,Male,18.71406867
17.55588182,50.64183036,183.1,Medium,Male,12.61324773
26.25521373,76.71069156,170.4,Low,Male,12.62430242
28.8095315,65.64968389,164.8,High,Female,17.17218105
8.389288187,65.02042866,164.6,Medium,Female,11.69373145
22.95461133,80.82747845,157.8,Medium,Female,16.61265185
21.87301718,73.44219166,160.5,Medium,Female,13.7700272
24.09962813,60.64906186,166.4,High,Female,16.20366555
11.97814415,56.00476883,155.9,Low,Female,9.032995625
23.28945849,92.10496015,172.6,High,Male,19.8552646
25.99252235,76.6932852,163.9,Medium,Female,14.48448943
20.95654454,38.75126377,174,Low,Male,7.714437244
23.82774778,85.0292594,166.7,Medium,Female,17.17911536
17.52701794,45.4655922,149.3,Medium,Female,11.99935213
24.53139015,44.20964546,163.5,High,Male,14.29594422
32.57356865,55.8390359,169.3,Low,Male,10.66494646
27.13682776,28.29317433,163.5,High,Female,12.62431524
17.46307505,65.59700957,186.1,Low,Male,10.60616731
32.14169251,37.24553878,173.8,High,Male,14.08338833
18.63261149,83.22725787,153,Medium,Female,16.54961163
31.70787783,64.9978131,163.7,Medium,Male,13.56096051
14.94545556,37.49709829,153.5,Medium,Female,10.85084785
33.23748758,59.31039004,161.5,High,Male,16.77825773
21.47540184,73.26778958,174.7,High,Male,17.48415409
27.53088757,64.45158043,184.5,Low,Male,11.27816371
26.63517776,98.63150369,168.7,High,Male,20.89467728
27.7716191,69.25700593,174.1,Medium,Male,15.63185397
12.93754736,40.5180904,170.6,Medium,Male,9.163461659
23.52221669,57.3860767,155.9,Low,Female,10.12191039
24.40036662,74.51032697,168.5,Medium,Male,14.0988955
19.81589517,80.38086291,167.5,Medium,Male,16.30819208
20.33308853,68.57953716,161.7,Medium,Female,13.07201082
14.99242595,67.43620674,168.7,High,Male,16.27527778
29.12486249,88.28675482,171.9,Medium,Male,16.10545701
14.85133655,64.40185267,153,Medium,Female,14.02214138
52.84996445,75.21741738,160.4,Medium,Female,16.46379242
20.92104508,80.75605546,185,Medium,Male,14.55783424
18.05577611,73.15205263,165.6,Low,Female,11.54633632
23.58361764,76.10457294,162.1,Low,Female,12.33845512
30.56650435,65.18439261,168.7,Medium,Male,13.49147926
31.26151637,93.74481216,178.1,Low,Male,15.03836356
13.46493543,78.18964157,162.5,Low,Female,11.77339947
32.97549445,77.54213198,159.5,Low,Female,13.26143301
15.2207585,29.67648149,168.1,Medium,Female,9.948905492
19.26536609,77.08015251,147.6,Medium,Female,15.87406119
25.44924542,87.09368317,181.4,High,Male,19.43636579
30.72732367,29.5609232,167.2,High,Female,13.06202116
14.23899763,98.0520296,164.6,Medium,Male,16.06555333
24.13581003,69.60191975,169.5,Medium,Male,13.49774453
39.18729075,68.03979588,170.2,Medium,Male,14.52014457
19.55366139,24.80329571,168.5,Low,Male,5.953965735
39.64819938,75.97332075,162.7,High,Male,19.26108075
41.5610995,79.389441,180.2,Medium,Male,17.93478643
22.74811456,102.6389813,168.6,Low,Female,15.4065406
7.671779317,87.72862278,162.2,Medium,Male,14.31920531
11.78189307,61.22029263,155.3,Medium,Female,11.51678972
27.80828316,60.78044388,173.1,High,Male,16.51658296
24.00216249,62.41998561,171.7,Medium,Male,14.52177876
8.550407598,59.23418821,143.4,High,Female,14.78961496
53.90262861,50.58822268,158.8,Low,Female,11.75491642
31.91011404,82.59906505,165.5,High,Female,19.42341175
26.12381119,43.9032541,179.5,Medium,Male,12.50413006
27.13697301,67.55162799,172.1,Medium,Male,15.37946895
13.38498032,63.28264163,159.4,Medium,Female,11.88901006
17.46921624,76.54810668,161.3,High,Female,17.55047576
20.22387515,47.99412072,167.6,Medium,Female,10.63105235
26.37602279,79.37403354,159.8,High,Female,18.59859414
27.59081298,76.62012713,170.2,Medium,Male,16.48732011
30.65768453,101.3492208,160.7,Medium,Female,17.7717247
29.15661685,44.32407506,157.9,Low,Female,9.030432009
13.62006922,69.94192165,173.1,High,Male,16.4612838
24.00501752,62.96227407,168.9,Medium,Male,14.58607997
24.42597965,58.25209293,160.8,Medium,Male,14.063321
21.26652567,68.58360072,156,High,Female,16.91395986
29.96002905,94.55255914,184.2,High,Male,20.67936075
27.04707555,41.93879568,174.9,High,Male,14.22937062
30.99233619,87.19005171,155.2,Medium,Female,18.00893976
25.82466427,52.67780882,166.4,High,Male,15.40017835
27.00790186,15.10592239,165,High,Male,11.05588131
23.44859871,97.299974,187.8,Medium,Male,18.59851672
21.76343747,65.0661412,173.8,Low,Male,10.88828735
23.98477069,87.87340669,158.4,High,Male,19.41105621
28.23186084,57.02561149,157.6,Medium,Female,12.34029248
35.43720529,100.6376573,159.9,Medium,Female,19.95422732
41.31467383,48.78171894,159.7,High,Female,16.18198179
23.75245605,84.9771514,155,Low,Female,13.40030385
15.19009221,58.59545281,167.9,High,Male,15.24657892
29.76954552,64.08775899,173.6,Low,Male,11.414694
27.10259899,89.84272043,155.7,Medium,Female,18.01044166
39.80211668,82.24849384,158.1,Medium,Female,16.248228
24.77644362,54.38503013,168.7,High,Male,15.51783328
29.6868558,74.58516597,165.7,Medium,Female,16.41496629
10.81394049,55.80451572,163.7,High,Male,14.56590463
17.88207103,54.05527197,162.5,High,Female,14.92601697
16.66528695,95.91093791,152.2,Medium,Female,16.00714225
33.45753631,69.23511616,173.8,Medium,Male,14.20190869
14.32413481,56.31193839,167.8,High,Male,14.90733744
31.42094762,47.65209847,167.2,High,Male,15.25514441
17.94413033,88.87868659,164.6,High,Male,19.04543703
25.20613692,52.77399597,164.9,High,Female,15.36194375
29.17904316,69.84545323,172.4,High,Male,17.69754895
28.79354374,90.13932357,172.7,High,Male,20.0643901
9.976559201,46.7947905,170.7,Low,Male,7.784315903
16.75732968,67.03543921,158.7,Medium,Male,12.60283555
23.40845363,39.84863412,149.8,Medium,Female,9.924018832
33.32840737,56.89615157,167.5,High,Male,16.50030229
13.39478291,45.37808264,170.6,Low,Male,7.891034475
17.81081408,52.49193079,160,High,Female,14.7355916
27.38409106,43.41170104,164.4,Low,Female,8.780495939
2.642439227,76.65553028,169.7,Medium,Male,14.49091069
15.84977487,42.39012511,173.1,Medium,Male,11.50148372
31.49733852,76.52470296,156.4,High,Female,18.67261572
31.77769619,67.91273176,159.5,Medium,Female,15.79427025
32.0609237,60.81726289,159.1,Low,Male,11.21202351
27.87928232,109.4896594,164.8,Medium,Female,20.39404142
32.82046677,55.54998002,169.6,High,Female,16.30051852
30.9828391,53.64235844,164,Medium,Female,12.16115457
31.32387668,73.22594224,172,Low,Female,12.61902605
13.42047629,58.1930686,154.7,High,Female,15.05713232
17.41005962,69.70168423,179.4,High,Male,16.73681599
21.44582839,74.51381864,173.9,Low,Male,11.97907709
33.12079857,107.3140584,165.3,Low,Female,16.79068679
28.92819693,54.73795183,157,Medium,Male,14.00914907
34.16386847,66.1881415,166.7,Medium,Female,13.89854391
14.79580589,71.89429321,161.4,Low,Female,11.13631529
22.29129498,48.32914211,175.2,Medium,Male,12.71972924
37.17846542,39.32733681,159.1,High,Female,14.73325142
20.17754697,53.48344289,175.8,Medium,Male,11.27590975
40.64684147,29.19554492,157.6,Medium,Female,11.93098157
19.74753099,79.63208093,169.9,High,Male,18.09754882
31.29727486,48.1396755,155.7,High,Female,15.3028352
32.08823561,62.60331297,168.8,Low,Female,11.42523838
25.10358664,58.11516244,173.4,Low,Male,10.334862
18.19999881,89.85749086,156.1,High,Female,19.18160227
36.45494832,38.57023901,149.8,High,Female,14.58578075
4.084702569,66.15307207,167.4,High,Female,15.24899073
27.37105351,47.23624877,172.9,High,Male,14.88125295
39.36779179,88.16167175,160.6,Medium,Female,18.7953601
13.61233906,77.80484426,153.6,Low,Female,11.73975523
24.16950201,62.8911025,162.2,Low,Female,10.82424356
36.54546359,80.15512141,167,Medium,Male,17.62305255
21.32002923,67.2847405,175,Medium,Male,14.88147917
17.87996947,34.86276949,151.8,Medium,Female,10.77491417
23.61808674,59.71746441,164.2,High,Female,16.05498132
38.16704882,39.65049948,167.4,Medium,Female,11.08409016
16.90571742,39.0299609,157,High,Female,13.07245872
19.95945128,64.56225234,181.6,Low,Male,10.68409168
27.63371612,73.10155724,158.5,Medium,Female,14.19172704
44.05539701,43.68719508,180.3,Medium,Male,13.91652345
11.78916353,47.02950342,158.5,High,Female,13.60732497
29.34819265,66.32179508,168.7,Low,Male,11.64486104
22.04224877,82.28175313,161.1,Medium,Male,14.82800645
22.59744925,76.04796481,167.2,High,Male,17.90261254
23.13262459,75.86196326,158.9,High,Female,17.92355148
25.62481187,67.89682999,166.7,High,Male,17.18230464
23.76245062,79.2011479,161.1,Medium,Female,16.48527829
16.25066022,38.14062361,173.4,Medium,Male,11.03154486
27.25920177,34.45590271,174.5,Medium,Male,11.47895616
8.615234416,67.72106845,172.4,High,Male,15.7975522
31.0098397,66.79705563,154.8,Medium,Female,15.60087742
25.87567058,75.17233205,179.6,Medium,Male,16.17872469
14.59400679,76.66060119,173.7,High,Female,17.33320617
31.16018328,60.32457431,169.2,High,Male,16.73150771
27.71491814,66.56133,156.3,Medium,Female,15.30880863
18.17193602,74.51297574,185.3,Medium,Male,15.48306367
38.08224501,98.47752876,176.3,Low,Male,16.14449118
37.58404275,43.50218137,153.5,High,Female,15.25903911
46.22811439,71.64294258,164.2,High,Female,19.27707817
31.00070056,58.27269854,158.5,High,Female,16.47628642
31.98386062,87.16059146,174.7,High,Male,19.96827726
18.21162528,40.51629266,175.7,Medium,Male,9.586173812
24.36279491,71.78137218,173.3,High,Male,17.54006943
35.24239757,68.22447841,150.5,Low,Female,12.3423183
26.29291344,76.7156424,154.2,High,Female,18.27783638
24.35831842,42.10479274,161.2,Low,Female,8.383448023
26.12408951,66.22887253,165.6,High,Male,17.02526945
26.7615076,45.42029022,171.2,Medium,Male,10.85119815
20.95694457,71.61746277,170.7,Low,Male,11.59766465
23.20604928,83.33647547,167.4,High,Female,18.81256523
10.97519524,66.67974274,181.4,High,Male,15.86376144
18.61877944,88.7999566,166.2,High,Male,19.09023458
22.66645496,73.34865346,154.3,Medium,Female,15.70590936
9.20053733,63.87864727,160.5,High,Female,15.39049886
38.41227073,73.4206661,178.7,Medium,Male,16.97706354
19.64395952,62.77862134,159,High,Female,16.0979796
27.83386692,75.4732389,172.2,Low,Female,12.60468644
34.55442268,49.4227477,161.1,Medium,Male,11.94900339
39.996421,93.76687577,171.9,Medium,Male,17.62472484
17.15111816,46.8846825,162.8,High,Female,14.02018547
17.98761029,91.85169741,168.1,Low,Female,13.75026386
28.4843485,52.90772071,154.5,Medium,Female,13.75731237
19.54888171,95.83136276,164.3,High,Male,19.99559099
13.77615491,97.50123161,164.3,Low,Male,14.08005198
20.56450132,45.97458389,165.8,Low,Male,8.536446699
20.79747951,66.64180349,168.9,Medium,Female,14.76361222
22.3281764,42.27389143,153.2,Medium,Female,10.1239403
26.39965776,83.36138333,166.1,Medium,Female,17.1882927
29.15844507,63.97487624,165.4,High,Female,17.00227891
22.30229883,83.09564887,147.7,High,Female,18.71164007
37.50798108,92.81789849,166.8,Low,Male,15.42974676
12.59488831,87.75358362,174,High,Male,18.48355235
14.73549872,77.76698976,165.3,High,Female,17.47527393
25.31410188,80.57428665,170,High,Male,18.65525133
48.32820698,70.94379634,173.1,High,Male,19.36287783
28.1242664,59.9600792,161.4,Low,Female,10.7950681
19.0840561,52.39660237,171.6,High,Male,14.82642877
11.65923269,68.8155564,169.8,Low,Male,10.52103791
25.99477606,94.31914479,178.1,Low,Male,14.68388574
17.60488679,88.85169523,185.2,Medium,Male,15.24842699
11.87502318,75.20198715,170.4,Medium,Male,15.05952653
19.57980372,67.94686342,180.1,High,Female,16.70347127
25.72912156,55.24436326,153,Medium,Female,13.81245083
24.51171854,40.21107762,156.6,Medium,Female,11.93862079
43.08232162,54.15811375,162.6,Medium,Female,15.07564944
34.43876538,67.26142214,169.8,Medium,Female,14.04739756
27.70828626,81.04191859,165,High,Male,18.90249075
23.93256016,46.35282987,169.8,High,Male,14.50114523
20.69256948,9.470957661,175.5,High,Male,9.883678973
18.30442117,62.78143409,169.8,Medium,Female,12.22427803
41.25902714,82.58833164,163.5,Medium,Female,18.28851764
27.55658063,48.40499279,152.4,High,Female,15.03421927
35.88871625,49.26632855,158.2,Medium,Male,13.9208269
13.18909824,66.97385482,164,Medium,Female,12.30942531
9.616079108,58.7841853,157,Medium,Female,11.05528456
42.65422708,88.95509339,161.9,Medium,Male,19.15264107
26.50894722,85.88805805,162.3,High,Male,19.37889593
30.37190942,34.46916898,177.8,Medium,Male,11.7301294
16.78967416,68.82168004,170.1,High,Male,16.58309378
36.56886075,55.12666785,170.3,High,Male,16.55108454
38.95156071,84.84279243,156,Medium,Female,18.36985179
27.65896666,61.40307108,165.3,Medium,Male,14.69486517
14.25747097,67.28748905,167.6,High,Male,16.19877102
42.47986226,59.47521473,170,Low,Male,11.88894559
6.103547671,106.2850712,165.6,High,Male,20.15254201
17.0553874,79.03141277,163.6,High,Male,17.81069781
35.58870658,77.84913765,168.2,Medium,Male,17.27387512
25.77217352,47.02785906,155.3,Low,Male,9.07849242
19.93415993,62.03222987,159,Low,Female,10.38313728
19.97748376,67.12346923,180.7,Medium,Male,14.75476694
11.82188785,54.018911,168.9,Medium,Female,12.55245045
21.62403255,67.78150096,151.7,High,Female,16.84785868
12.04982917,66.74100539,177.3,Medium,Male,12.19055659
23.1233296,51.97104194,166.9,High,Male,15.10005457
18.42829398,79.81431623,173.4,Medium,Male,14.24667427
13.06225194,84.87323709,167.1,Medium,Male,16.29740361
31.61474471,43.18568334,171.9,High,Male,14.74297058
17.95438478,94.97243701,160.2,High,Female,19.76624593
30.92015861,51.59871575,174.7,High,Male,15.6812858
19.45670169,67.05908833,178.3,Medium,Male,14.70539909
25.78068368,68.55521577,169.4,High,Male,17.27259325
34.76816099,79.44499267,171.8,Medium,Male,17.39662904
18.22916271,55.13092337,166.5,Low,Female,9.431014085
19.2237283,84.59247249,167.7,Medium,Female,16.75831522
13.40770835,43.2715261,175.2,Medium,Male,9.526486479
37.93350665,58.53889905,157.5,Medium,Female,15.1803666
34.27301383,62.1858568,168.6,Medium,Male,13.43441969
33.08314318,49.85281382,153.6,Medium,Male,13.76514419
21.07063871,66.25899917,168.5,High,Male,16.62359634
18.35821821,51.08859885,171.1,High,Female,14.61368158
29.77662931,31.64625553,162.4,Medium,Female,11.34886246
18.39057148,76.6253442,163.4,Medium,Female,13.86686705
7.686295771,70.95671191,153.2,Medium,Female,14.22204922
10.5787523,71.61078729,163.1,High,Female,16.41458197
21.67630942,80.97554403,176.3,Low,Male,12.76102266
28.44969835,60.73426392,162.2,Low,Female,10.91263545
15.36438513,36.08636966,181.8,Medium,Male,10.71776161
33.11793221,85.4198862,157,Low,Female,14.20362457
16.54364672,99.19267412,160.3,High,Male,20.15174779
28.21972103,89.91764865,156,Low,Female,14.34225851
22.96797567,60.51128495,167.7,High,Male,16.09664057
13.70478668,74.04409375,163.5,High,Male,16.95275559
6.737653565,52.47645906,159.3,High,Female,13.84581472
7.840822295,120.6365824,168.6,Low,Female,16.33758152
26.43464382,41.42172409,151.8,High,Female,14.1191673
21.26648156,47.11852726,181.8,Medium,Male,10.61120541
14.52941622,39.97793597,175.7,Medium,Male,9.227292359
46.47089086,54.96715547,159.6,High,Female,17.32627464
15.86742555,48.17267979,161.4,Medium,Female,12.18611743
26.5520129,96.07382253,160.1,Low,Female,14.93588822
34.39457859,89.26224325,150.2,Low,Male,14.75997873
19.90726844,50.7999417,177.2,Medium,Male,10.93717624
17.46840426,101.9202139,150.7,Medium,Female,16.78154947
24.82956461,65.47791397,171.7,Medium,Male,14.9494268
26.59596515,62.65330021,163.5,Low,Male,10.99072319
19.67001823,80.18372546,166.2,High,Male,18.15651083
27.70087975,53.95133116,170.7,Medium,Male,11.93448222
23.24323472,91.59948821,168.3,Medium,Male,17.90852698
22.23084879,53.28807423,160.3,Medium,Male,13.30078806
16.72846857,47.02433135,168.3,Low,Male,8.352867344
20.99313881,90.36442005,173.6,Medium,Male,15.69885943
18.85228869,102.7903806,163.4,High,Female,20.76195107
23.03479844,115.3176438,168.9,High,Male,22.57746025
36.65418072,69.18788646,168.3,High,Male,18.21928233
33.53614862,84.10074163,164.5,Medium,Male,17.84791922
23.40635464,76.53228654,156.3,High,Female,18.02470149
9.607586712,86.63015624,153.5,Medium,Female,14.3446507
25.15426077,103.1484039,174,Medium,Male,17.5429855
18.96571013,44.44456773,175.5,High,Male,13.87739275
28.8275006,47.00543862,173.8,Low,Male,9.320847914
30.38521865,42.20591349,165.5,High,Male,14.52861435
30.62940399,68.09309771,177.1,Medium,Male,15.72350005
28.06829858,73.35056131,157.4,Medium,Female,16.13930477
17.06537846,61.87509272,165.2,Medium,Female,13.90114299
26.63679954,64.91055976,163.1,High,Female,16.91062249
16.79248458,36.44123811,176.3,Medium,Male,10.87420818
29.18157405,86.36282421,155.8,Low,Female,13.99938048
22.33186635,58.28091462,181.4,High,Male,15.78210951
22.77182575,74.73577098,183.7,Medium,Male,15.87824918
12.12236849,89.83820372,166.7,Low,Male,13.04203671
37.04479697,42.93252879,160.7,Medium,Male,13.26518336
17.54756779,87.10185757,157.6,High,Female,18.80370169
12.51542943,106.3262623,154.8,Medium,Male,16.90495579
28.91530028,73.64679022,161.1,Low,Female,12.4756079
31.67858972,93.41191287,160.5,High,Female,20.68240168
31.86532127,81.39202911,176.5,High,Male,19.27720657
41.30109589,80.91575195,174.4,Medium,Male,18.09427307
28.17903768,73.53761354,155.8,High,Male,18.05359402
27.24674835,53.13578797,175.1,High,Male,15.56832525
29.37229023,68.51958145,166.4,Medium,Male,15.67308274
39.74158271,70.74630879,162.2,Low,Male,13.00106316
17.53757867,61.76731924,163.6,Medium,Male,13.92627478
20.90469568,68.5180268,169.3,Medium,Male,14.99388867
35.95452914,83.04801507,160.8,Medium,Male,17.91746606
14.90810881,112.1363384,168.4,Low,Female,15.89998444
15.52789528,66.21566864,172,Medium,Male,14.29069947
31.45621542,64.29286129,170.7,High,Male,17.22410593
6.612901405,67.08368507,157.1,High,Female,15.56167865
26.7933184,70.12378361,161.1,High,Female,17.53912457
24.23718782,58.18267025,152,Medium,Female,14.03997951
29.45616101,70.35614767,176.2,High,Male,17.78011022
15.41067198,63.29173913,166.3,Low,Female,10.16921509
19.2024911,85.46141759,154.7,High,Female,18.74258814
16.05121956,64.1013132,157.2,Medium,Female,12.19954128
30.88982128,79.32707696,187.1,Medium,Male,15.18838717
28.99912123,62.44443296,175.2,High,Male,16.80867846
18.78198136,64.72788133,161.6,High,Female,16.25916645
39.51445095,69.77184258,161.7,Medium,Female,16.63433211
21.37603686,55.33142662,161.8,Medium,Female,11.59035811
37.08808488,69.24045871,159.6,Low,Female,12.61036239
22.4972299,79.42040244,161.3,Medium,Female,16.40972642
15.47074735,66.53448581,163.1,Medium,Female,14.32378559
13.6965481,82.41639758,154.9,Medium,Female,14.17467911
33.05218194,71.45279463,163,Medium,Male,16.31473459
1.911648084,46.5935286,178.3,Low,Male,7.11381699
22.49373222,55.00177646,180.9,Medium,Male,11.6410366
31.97050165,56.45870389,166.8,Medium,Male,14.456419
22.59717013,67.52727218,159.1,Medium,Male,15.01254771
34.23226801,73.26969926,162.5,High,Male,18.50734375
18.00395486,57.32156063,161.2,Medium,Female,13.43839948
32.40949638,104.241736,161,High,Male,22.02057394
24.09824569,55.66393601,162.6,Medium,Female,13.73124526
36.0138661,42.20390173,177.9,Medium,Male,13.09642526
3.530606712,75.96605984,160,Medium,Female,14.48067015
13.24848339,91.90216193,162.9,Medium,Female,17.14281637
29.47995548,62.91021177,181.9,Low,Male,11.25234285
30.46638454,80.7454454,148.9,High,Female,19.0886319
19.132014,52.35175803,168.2,Medium,Male,11.05835878
16.17528208,65.82870069,174,Low,Male,10.5302748
26.2060481,81.03666386,157.7,Medium,Female,16.89809785
13.7789148,58.11948989,155.7,Medium,Female,11.31056454
30.61621624,63.81043819,180.8,High,Male,17.09974792
46.77002339,49.52849428,172.9,Medium,Male,14.82436649
16.29738143,91.08708182,170,High,Male,19.17431092
45.32978936,80.94730865,176,Low,Male,14.65444234
25.01178616,76.21682135,151.2,High,Male,18.11616717
34.855116,80.99328914,173.2,High,Male,19.4698443
29.6622819,83.16577977,164.5,Low,Male,13.66019206
10.83859156,58.27526137,156.6,Low,Female,9.209878131
33.53922991,79.30806446,160.3,Medium,Female,17.28190364
25.11855535,101.5455784,163.5,Medium,Male,19.23405449
17.24542649,95.36017134,172.5,High,Male,19.75520652
22.26821646,122.1614292,168.5,High,Male,23.32459305
14.27755345,62.96497305,159.2,Low,Male,10.03974317
17.15205269,56.58149271,158.5,Medium,Female,11.39933718
23.31152194,30.61247725,160,High,Female,12.59159613
11.48978948,47.2525814,147.7,Low,Female,7.959749509
22.48783237,83.35119263,180.4,Low,Male,13.10678488
27.46391283,105.9203235,156.7,Medium,Female,19.93901035
19.75350062,74.59888441,167.3,Low,Female,11.85342119
21.9509572,101.3606861,157.4,Medium,Female,18.95820171
24.9882472,51.16065995,169.1,Low,Male,9.503927129
42.42840345,67.23950878,143.7,High,Female,18.45210913
29.83159091,103.4149492,174.5,High,Male,21.71616731
18.17311452,39.95984765,174.8,High,Male,13.28395804
24.48263887,56.52861046,166.3,High,Male,15.74754081
37.24730003,58.38510883,165.7,High,Male,16.99047825
30.66367129,82.6664074,175.1,Medium,Male,17.44810836
23.03903109,92.42531046,169.2,Low,Male,14.22310702
23.39549057,71.72546861,173,Low,Male,11.80597099
41.44163571,40.37975686,149,Medium,Female,13.31614854
35.50718463,47.60162963,163.9,Medium,Male,13.69354524
21.41892814,44.14704859,157.2,High,Female,14.03896218
14.99586392,69.52155465,166.9,High,Male,16.52194075
23.46413629,82.30207364,166.9,Medium,Female,14.94442751
28.73217341,66.27530122,161.7,High,Female,17.23989547
16.62048005,100.5170402,167.3,Medium,Male,18.43107639
15.17840162,46.13181427,161.7,High,Male,13.77304212
17.5802764,61.57866496,157.7,Medium,Female,13.90740887
37.0149027,79.05866489,162.1,High,Female,19.41445703
14.93391873,64.22078283,165.1,Medium,Male,14.00736989
18.79929652,65.45605302,164.8,Low,Male,10.69666372
33.00380952,59.36381007,180.5,High,Male,16.76583092
27.47292359,75.08832114,157.1,Medium,Male,16.29688125
31.4155864,56.52285694,176.2,High,Male,16.30280916
44.5004285,70.77835537,166.5,Low,Female,13.38645797
27.1155673,79.34749986,181.3,High,Male,18.65476269
13.36514642,79.75544281,168.5,Low,Female,11.95039944
13.44674627,57.37945267,169.6,Medium,Male,13.0798002
22.01637867,71.30427835,164,High,Female,17.29554256
17.87528758,73.92708319,171.1,High,Female,17.27336011
36.11792165,64.41109305,160.3,High,Female,17.61189412
14.64146569,75.84470892,161.6,Low,Male,11.59068695
20.96358216,52.46015717,161.6,Medium,Female,11.21803846
25.58342341,79.20665048,161.9,Medium,Male,16.63195094
29.50468181,78.95700055,157.7,Medium,Female,16.91689732
32.53376065,48.72577598,170.7,Medium,Male,11.70461959
27.13506116,79.50652193,158.9,Medium,Male,14.90849734
36.8070502,94.3807612,161.9,High,Female,21.2081203
29.48373336,56.12274644,164.8,Medium,Male,14.21731289
20.91767654,85.66104311,172.6,High,Male,18.90371373
13.85256003,76.41559012,164.5,High,Male,17.24480162
50.49437072,64.41576789,157.4,Medium,Female,14.99866642
18.31817559,84.75661786,171.1,Medium,Male,14.821785
40.8519527,76.79084547,162.1,Medium,Female,17.57089213
33.51814853,60.76271018,178.9,High,Male,16.97235774
42.56962444,95.85141388,158.2,Low,Male,16.19405116
27.80384604,34.58682845,164.9,Medium,Male,11.53809989
26.70429569,68.37895535,154.5,High,Female,17.32583158
21.91998653,54.04388499,184.4,Medium,Male,13.36516052
11.96642661,73.10205493,179.1,Medium,Male,14.81874567
25.35126213,84.70324855,157.5,Low,Male,13.49614891
30.84673853,61.60846919,169.6,Medium,Male,14.97475845
30.54132012,68.68582528,173.7,High,Female,17.66977703
27.37919862,84.17091689,179.9,Medium,Male,17.3624891
24.43871707,82.47399415,161.2,High,Female,18.8095084
27.10914112,92.23940561,160.3,Medium,Female,18.29413856
31.66462207,81.24605196,162.3,Medium,Female,15.47724794
21.90221303,71.7141705,163.5,Low,Female,11.68489123
29.98830912,38.91804672,160.9,Medium,Female,10.34170234
23.397039,73.73289207,155.4,Medium,Male,13.92658416
22.90143958,83.39903316,169.6,High,Male,18.79553009
14.98272841,68.84757658,172.4,High,Male,16.4412558
30.03314897,74.29831488,169.5,Medium,Male,16.40884337
24.88479821,73.16012725,173.7,Medium,Male,15.86152205
17.40843481,42.46333095,168.2,Medium,Female,11.63512094
18.3234343,86.50605806,161.8,Medium,Male,15.02890592
24.0620658,68.80114867,163.6,Medium,Female,15.28052725
44.03612983,63.16026576,159.8,Low,Female,12.44913641
29.84407762,59.66162184,165.9,Medium,Male,14.66433258
28.77502166,57.50386175,160.5,Medium,Male,14.32366285
25.67448441,67.13116282,179.3,Low,Male,11.44589712
26.86607854,24.39278804,176.2,High,Male,12.14176701
20.73489044,61.79667036,173.8,High,Male,16.06944145
21.6198366,46.73637001,169.5,High,Male,14.36100546
30.94252176,85.5305198,157,Low,Female,14.0422515
25.66432814,78.28047117,177.9,High,Male,18.41231766
32.66358537,71.58933137,159.7,Medium,Female,14.41639671
13.46276031,37.07265913,160.8,High,Female,12.56511202
22.38894117,30.19809041,163.7,Medium,Female,10.58534591
30.13917457,80.00419401,159.6,High,Female,18.9748131
9.068218754,45.92548288,167.3,Medium,Male,9.49207524
12.11363046,76.10059632,172.5,Medium,Male,13.30152379
28.4260101,50.86282194,167.7,Low,Male,9.744408844
25.50192646,63.51612136,174.9,Low,Male,11.00493674
22.82368253,52.0295192,171.8,Medium,Male,11.31631801
19.10298854,36.64904077,159,Medium,Male,9.200729443
15.21923993,91.32082065,179.3,Medium,Male,15.34885488
21.93359692,61.55105058,162.1,Low,Male,10.48661859
17.88639054,110.3253165,167.1,Low,Male,15.92483552
23.48083615,72.65238952,175.8,Medium,Male,15.68894928
12.29965065,65.49095367,167.2,High,Female,15.8295112
23.76702825,76.90507895,156.1,Medium,Female,14.33105242
9.18282094,67.96192078,165.7,Low,Male,10.22159776
43.07947934,94.81583856,175.1,Low,Male,16.11258114
27.59401783,52.79593787,161.7,Medium,Female,11.78940143
16.1498707,71.42102435,161.7,Low,Female,11.18897929
28.17154226,60.50632827,156.4,High,Female,16.51332524
33.08941096,75.60215501,165.7,High,Male,18.69128233
29.38651376,83.72947563,159.7,Medium,Female,17.47129726
5.470845202,72.88973367,163.2,Medium,Male,14.27278351
10.77622868,50.22670173,153.4,Medium,Female,10.13723541
33.60358582,53.18650649,167.1,Medium,Male,12.31745073
34.37249638,68.7637178,153.9,High,Female,17.98619946
9.279115305,42.43341381,161.2,Medium,Male,10.97970183
41.65797357,64.52920168,168.1,High,Male,18.07010167
12.14955279,62.5427494,154.4,Medium,Female,13.58583116
32.61130755,84.38791991,162.9,High,Male,19.69099609
24.3127584,94.64209204,171.2,Low,Male,14.58716269
21.78179142,28.01641707,158.4,Medium,Female,10.27889072
28.23504959,38.04174488,158.8,Low,Female,8.21426457
16.47401277,52.57462155,182.4,Low,Male,8.988238605
22.84500282,56.38548113,162.7,High,Female,15.59930898
9.546584197,61.9401569,161,Medium,Female,11.42259503
23.14849931,97.05479283,170.1,Medium,Male,18.54548341
36.01978474,66.7278801,175.8,Medium,Male,14.11113951
30.67566778,117.867813,163.2,Medium,Female,19.72486553
34.25710609,80.29172218,154.3,Low,Male,13.68907312
25.33346295,67.94770599,167.2,Medium,Female,15.28164403
31.10909583,40.9361574,155.9,Low,Female,8.786711882
15.03717892,53.70723805,159.1,Medium,Male,10.89014905
27.30355104,59.43572928,157.1,High,Female,16.31722861
42.95809408,64.94596085,158.4,Medium,Male,14.45698093
18.15777098,89.67114209,155.5,High,Female,19.15619863
21.75300034,56.6436431,148.5,Low,Female,9.892318437
21.65006058,74.22280712,166.2,Medium,Female,13.84437947
32.27039968,89.23130006,153.8,High,Female,20.23591224
11.10876761,67.39723649,170.9,High,Male,15.95924558
12.69605371,62.52486406,188.6,Low,Male,9.860924229
11.13089942,66.55684804,166.2,Medium,Male,12.09510977
36.82107451,101.1840459,156.6,High,Female,22.01306414
15.81349449,43.76179164,172,Medium,Male,11.66063907
26.83171459,71.21116894,166.8,High,Male,17.6706799
19.14117415,74.38209483,170.6,High,Male,17.42863102
34.70525943,56.56905322,166.3,Medium,Female,14.68875524
16.53017462,83.71126583,176.5,High,Male,18.32151368
19.38617744,57.15102714,163.3,Medium,Male,13.52909011
27.1953901,72.62279291,162.9,Medium,Female,15.98331983
37.09133391,57.59126963,159,Medium,Female,15.0008694
30.8988142,68.62023277,176.3,High,Male,17.69069436
35.73762396,40.08784503,168.7,High,Male,14.70756666
25.5053334,71.6658698,151.6,Low,Female,11.96811609
12.70546473,55.44619546,166.4,High,Male,14.67524848
20.40394369,53.85541493,160.9,Low,Female,9.454704812
18.48339752,86.98163731,175.8,Medium,Male,16.98123236
27.19499119,57.36031103,172.2,Low,Female,10.41338331
26.16484192,110.5869861,157.2,Low,Female,16.61959535
41.13100928,42.68050599,153.5,High,Female,15.44638554
29.76030085,91.79294628,170.8,High,Male,20.3372919
13.33684101,70.93353969,169.5,Medium,Male,14.67242459
15.19911049,83.70986011,156.6,High,Female,18.21461051
28.82182076,64.01856918,178.1,Medium,Male,15.097139
17.48642366,101.9144958,149,Low,Female,14.89901019
24.12290335,30.29137687,163.2,High,Female,12.61872169
26.51698301,28.35898901,159.7,Medium,Female,10.69907781
10.93090743,64.2276675,161.1,Medium,Female,13.68718469
21.7301146,25.06823449,169.9,High,Male,11.80972282
34.89986078,94.5919738,175.5,Medium,Male,19.19683062
25.5825636,93.84463618,158.9,Medium,Female,18.36138402
23.95011875,54.00681584,165,Low,Male,9.756958335
35.20117069,64.97450879,156,Low,Female,11.95502311
34.29539628,111.5565124,152.3,High,Female,23.03605573
33.45735234,75.02411533,174.2,Medium,Male,14.88587368
23.75482157,78.4067388,174.3,High,Male,18.27411441
29.09466444,86.36114351,161.8,High,Female,19.64213858
14.36872165,99.7465717,156.1,High,Male,20.042786
22.49065553,71.38658119,161.2,Medium,Female,13.57668143
34.27092161,47.65737993,156.5,High,Female,15.48430581
30.67340884,102.5147646,159.6,High,Male,21.67731381
37.24205295,71.56939761,175.2,Medium,Male,16.6644942
30.17718975,92.37159429,167.8,Medium,Female,18.55578151
12.7094401,84.75861684,173.3,Medium,Male,14.37226067
30.25163961,43.68598844,166.2,Low,Female,9.042850125
24.28600053,51.07291761,169.6,Medium,Male,13.20386483
14.7543835,68.11492973,168.7,Medium,Female,14.45307293
17.10602743,27.66613444,168.2,High,Male,11.7458667
18.1655677,58.22461688,171.7,Low,Male,9.79143941
32.48212965,72.59920007,171.5,High,Male,18.28778082
-2.360130464,82.47995472,150.3,High,Female,16.66123212
29.60697556,54.03731594,171,Medium,Male,12.09748993
37.54355624,50.70692771,155.4,High,Female,16.10704513
25.90260471,64.84054088,179.5,High,Male,16.84347508
17.38265966,66.99573858,163.9,High,Male,16.41490689
27.04648301,59.41008292,169.3,Low,Male,10.64365845
18.49028449,65.50909985,168.1,Low,Male,10.67815183
24.98471248,55.77870894,173.8,Medium,Female,13.81589101
26.98481444,68.88239773,167.9,High,Male,17.40780873
27.23186537,69.59495729,169.6,Medium,Female,15.62850101
25.47964606,21.4761984,174.9,Medium,Male,9.802681495
17.27082726,57.00635413,156.6,High,Male,15.22567697
18.80817769,65.49238043,163.2,Medium,Male,14.4682853
23.60390524,64.15659446,179.3,Medium,Male,12.81171735
25.44053111,77.57884423,156.5,High,Female,18.31147316
27.00642972,57.1846511,155.6,Medium,Female,14.14412545
24.49023057,61.57994173,168.7,Low,Male,10.69504676
27.88796441,45.43430117,168.2,Low,Male,9.059874708
39.14645756,104.4072484,163.3,Medium,Female,20.69705299
11.85232303,80.31004454,165.4,High,Female,17.54454021
17.2181375,73.69516723,151.4,Medium,Female,13.42664519
23.81604858,79.95116141,164.4,Medium,Female,16.5781916
17.91755066,65.60149724,172.3,High,Male,16.29306751
23.40460035,96.75473727,160.6,Medium,Male,18.53056791
24.24176136,40.62695008,174.8,Medium,Male,11.96610913
38.42242913,45.43412987,172.5,Medium,Male,13.67122297
31.10104784,45.88401617,162.5,High,Male,15.02059005
16.52000797,56.28719857,152.5,High,Female,15.08049989
31.82785112,58.08386935,173.7,Medium,Male,14.63699592
22.25068526,44.44142279,181.9,Medium,Male,12.25713236
15.82629829,26.7425652,172.5,Medium,Male,9.650816276
42.05740579,51.62792752,169.4,High,Male,16.57782515
25.97766827,28.60878614,173.3,High,Male,12.56865312
18.99900945,49.57118647,177.9,Low,Male,8.835855513
23.9781821,56.13576138,147.8,Medium,Female,13.77736439
0.456342069,92.88353034,174.9,Low,Male,12.46635667
42.21774843,74.10441669,161.9,High,Female,19.24631698
36.21737294,41.12970082,169.4,Low,Male,9.219208464
17.46501009,56.56707755,159.7,High,Female,15.1893471
16.51664306,90.2799794,148,High,Female,19.09653288
29.83575068,81.8119746,177.3,Medium,Male,15.39745673
43.2941113,97.74500033,162.7,Medium,Female,20.24249486
22.33155459,87.54029393,178.8,Low,Male,13.58920227
23.22131467,62.35559783,173.6,Medium,Male,14.45155561
18.22592495,55.71222354,177.3,Medium,Male,13.26605329
30.51387337,85.73918282,174.2,Medium,Male,17.79914963
32.10518498,46.99388915,166.3,Medium,Male,13.34893577
19.89736626,89.36237709,169.8,Medium,Female,17.37590582
21.56583502,76.73678511,169.5,Medium,Male,16.01796474
22.78680197,25.9360262,165.9,Low,Male,6.347062946
24.62724017,56.30517107,178.6,High,Male,15.73273656
16.32847472,65.82253177,159.4,High,Female,16.19175624
26.63804788,54.85176371,158.5,High,Female,15.72225934
30.262221,54.58747637,166.8,Medium,Male,14.09834459
29.67926533,55.57087752,172.8,High,Male,16.05109688
35.36422782,80.95634411,165.8,High,Male,19.5063045
13.11530961,72.8054392,172.7,Medium,Male,14.87582814
19.80524217,59.09987157,147.6,Medium,Female,11.90964515
17.51809431,63.37370714,160.9,Low,Female,10.34789244
30.24234487,62.98511505,152.7,Medium,Female,15.08894552
26.62904592,79.75005855,158.4,Medium,Female,14.89669459
19.69382121,33.56326085,178.6,High,Female,12.6501352
19.35340382,49.15647798,170,High,Male,14.46520156
22.90315494,77.98309779,165.4,High,Male,18.15576599
21.16922861,105.1243376,151.1,High,Female,21.22350568
29.11933491,75.29173224,174.6,Medium,Male,14.56963053
36.48339493,92.91144517,163.5,High,Female,21.00856452
21.72445088,79.36903827,150.6,Medium,Male,16.34168906
22.53762671,62.71500711,161.9,Medium,Male,12.55588732
19.97284201,50.21991135,167.7,High,Male,14.64052026
22.45610533,63.65315067,150.3,High,Female,16.42681064
17.18635143,46.73400667,155.8,Medium,Male,12.12189957
32.21113966,52.15304641,147.4,Medium,Female,13.9669951
21.28160305,102.5590361,177.4,Medium,Male,19.04611369
31.33623982,77.70119656,169.3,Low,Male,13.14877608
13.74144444,32.43802642,164.9,Low,Male,6.389944147
22.46979905,76.21738831,168,High,Male,17.91239402
27.79574973,71.81711521,161.6,High,Female,17.81957874
15.02106598,43.64879693,179.4,High,Male,13.46705291
18.3564643,81.65261513,154.1,Medium,Female,16.34142096
43.04106741,96.92594954,168.4,High,Male,22.00873989
29.96109803,61.86577878,163.7,Medium,Male,14.93414112
17.39943515,69.8596394,156.1,High,Female,16.75462668
7.721613225,44.21527886,165.4,Medium,Female,11.06533712
29.74472751,67.24692107,172.6,High,Male,17.43588994
27.12159363,33.53292382,166.3,Medium,Male,11.35886999
23.3267956,53.23597892,152.5,High,Female,15.26582475
19.17996579,72.27849633,165.4,High,Male,17.18319808
20.86520143,65.53642131,154.5,High,Female,16.52174871
29.35153274,84.7000317,170.8,Medium,Male,15.69985632
23.54924058,60.28107678,177.3,High,Male,16.11605232
33.14158603,83.03995041,167,High,Female,19.57425394
8.133536523,75.43385844,163.6,Medium,Male,12.90358671
27.71307109,44.76660338,161.7,Low,Female,8.966960547
27.78267718,90.38376667,167.7,Low,Female,14.36228488
30.22395248,55.5820251,171.5,Medium,Male,12.32947479
46.2563541,59.01266656,155.5,High,Female,17.78705486
37.16630109,77.89146798,174.3,High,Male,19.28869133
17.89413176,50.19562748,169.6,Medium,Female,10.70434352
14.27922672,72.58085559,167.2,High,Male,16.82593554
26.05984354,83.74399786,154.1,Medium,Male,15.32294114
21.52007619,47.17070664,152.6,Medium,Female,10.63770607
33.73084537,49.1442538,158.4,Medium,Male,13.73336543
24.69864705,48.39795607,164.3,Low,Female,9.154286304
21.23808027,91.32323974,165,Medium,Male,17.71509586
31.01290239,52.12929193,173.3,High,Male,15.7514113
26.7643529,69.75622687,160.7,Medium,Female,13.72675715
25.62666331,66.33000649,166.6,Medium,Male,13.23071307
16.58734208,49.15380341,172.8,Medium,Male,12.35976839
28.21672324,93.97829484,158.8,High,Female,20.47171603
27.69954956,71.41269009,157.4,Medium,Female,13.99746375
29.50521696,90.86191912,164.9,Medium,Male,18.32352589
30.83780877,109.9082923,176.4,Medium,Male,20.68074571
36.01888403,56.62768418,178.1,Low,Male,11.03440394
27.95168691,74.48158232,168.4,High,Male,18.14689439
29.38031839,75.697237,167.8,Medium,Male,16.52177829
24.39178317,71.77342928,161.8,High,Female,17.54145551
30.32557357,72.17122584,167.3,Medium,Male,16.18097363
34.92154615,73.03474749,154.8,Medium,Female,16.6515479
25.12633212,122.9629856,157.2,Medium,Male,21.76517989
26.7478568,51.06370016,176.3,High,Male,15.28349891
22.23843389,64.77373426,154.4,Medium,Female,12.77513725
16.82053371,46.19431231,160.4,Medium,Female,12.02879914
39.18104456,50.72842375,172.4,Low,Male,10.59096805
31.53316541,74.49543962,160.9,Low,Female,12.78580197
11.07674314,50.67770735,168.9,Low,Male,8.331311866
30.93611892,77.23082426,162.8,Medium,Female,14.94442405
30.24683717,36.40720179,154.2,Medium,Male,10.06577307
19.43251502,71.50798003,172.3,High,Male,17.11241206
16.00875864,83.1698293,161.5,Medium,Female,16.33242146
25.16402916,53.44027078,183.7,High,Male,15.43728862
21.94110814,71.80287957,178.5,Medium,Male,13.58179996
34.41706151,83.99566253,163.1,High,Male,19.78945236
30.93918208,45.66670025,169.8,Low,Female,9.332008017
37.0815885,77.28104258,170,Medium,Male,15.44315826
21.88495058,71.22257642,171.9,Medium,Male,15.39204159
28.02649343,96.90926269,170.7,Low,Female,15.15283439
31.6278443,52.27932445,172.6,Medium,Male,13.93514101
21.47292058,81.05375551,168.6,Low,Male,12.75395386
37.51084666,65.46903606,158.3,Medium,Female,15.96528085
19.05556622,55.03747786,154.2,High,Male,15.13616795
24.67214436,64.88979205,155,High,Female,16.75062445
24.27982076,95.90606328,164.1,High,Female,20.38378762
22.82137762,77.08394987,158.7,High,Female,18.04297253
17.47720099,98.44251241,166.1,High,Female,20.137976
32.70733257,73.7809744,159.6,Medium,Female,16.56215962
29.77803689,69.70177612,170.1,Medium,Male,13.96198888
29.32411368,53.5019824,150.3,High,Female,15.77817417
30.3508185,66.43683173,160.9,Medium,Male,13.6221613
24.28933574,90.38341445,158.3,Medium,Female,17.84873197
21.33075718,69.65861212,172,High,Male,17.0461249
30.92118735,54.70929361,155.2,Low,Female,10.39896227
13.553038,73.06496799,168.9,High,Male,16.82490166
12.72771596,63.31173097,163.6,High,Male,15.60635872
31.74998244,62.09435392,157.4,Low,Female,11.33797975
19.77827016,70.64499224,163,Medium,Female,15.15486586
24.2541799,86.56000344,170.8,Medium,Male,17.39417056
20.16515915,55.31603413,161.7,Low,Female,9.608131404
31.47704447,93.45057018,169.6,Medium,Male,16.90419007
26.64522858,67.58938022,173.6,Medium,Male,13.46118817
28.03950378,81.53595631,165.9,Medium,Male,17.10411358
4.199188342,78.0013338,160.4,High,Female,16.65806282
22.30006128,64.26825942,160.4,Medium,Female,12.72035642
16.27484425,78.93717002,167.3,Medium,Male,13.9703544
27.34851321,55.00255923,169.1,High,Male,15.79704779
24.89873551,51.82577238,145.8,Medium,Female,13.34195064
20.54551764,59.52971276,162,High,Female,15.78641102
27.63327704,73.13889512,177.5,Medium,Male,16.079412
10.6173488,62.00948687,163.6,Medium,Male,13.39995897
15.57450904,69.71276088,164.6,High,Female,16.59093321
30.57422101,104.1801583,167.7,High,Male,21.866129
15.84616177,60.53783509,153.8,High,Female,15.52868432
37.26621918,80.71197069,167.2,High,Male,19.62995071
26.92424025,28.1110731,178.8,Medium,Male,10.70244381
24.26290087,57.76681235,170.4,High,Male,15.87621577
32.22743794,72.26568781,178.4,Medium,Male,16.34464362
12.93962825,44.22683721,167.2,High,Male,13.36844031
8.605772135,60.70578382,159.6,High,Female,14.96792604
24.54372072,72.81323793,171.9,Medium,Male,15.79318574
21.02005883,89.61051356,165.4,Medium,Female,17.49525147
25.20004714,71.9900805,174.5,Low,Male,11.98194142
17.74810058,95.84550944,162.9,Medium,Female,17.96955045
30.90726007,34.01383697,170.1,Medium,Male,11.71926057
31.50045684,99.20258514,170.8,High,Male,21.35229476
36.3367132,52.14956307,152.7,High,Female,16.18071898
16.29600073,46.65762821,179,High,Male,13.92478738
31.57374235,65.77765713,168.5,High,Female,17.4089614
32.21390814,93.34902494,159.2,Medium,Female,16.95128091
27.40418834,78.76657241,154.4,High,Female,18.60926947
18.50246902,63.7913809,170.6,Medium,Male,12.35948622
22.37201556,99.82099986,172.1,Medium,Male,16.92674099
44.38697342,52.31380298,156.5,Low,Female,11.19574294
26.65483329,70.50184026,160.9,Medium,Female,15.68937893
11.93576662,90.30122582,164.3,Medium,Male,14.96508869
20.58304953,63.59853982,170.9,High,Male,16.27015927
13.02769576,75.81669185,159.9,High,Female,17.10789553
40.02152481,67.53408403,148.8,Low,Female,12.64398189
29.89266212,63.77997576,174,High,Male,17.03812744
40.67587995,38.24136963,160.8,High,Female,14.8853978
12.01444538,50.58522444,161.9,Medium,Female,10.27888717
9.420425379,73.67721535,172.5,High,Male,16.56584842
30.54827721,84.68898249,165.8,High,Male,19.56113419
23.98281518,31.12064071,160.3,High,Female,12.705467
22.4016471,84.62182783,165.2,Medium,Female,17.01661865
32.41155261,59.71352969,151.2,High,Male,16.7596582
42.18624831,80.51477819,158.5,Medium,Female,18.1178771
39.95142345,79.86572464,168.9,Low,Male,14.09536408
29.94926118,98.81320188,160.4,Low,Male,15.53197331
26.1268852,68.86588446,152.6,High,Female,17.33706092
13.42580865,56.26682594,160.6,Medium,Female,12.94666256
23.15687396,81.87235679,169.7,Medium,Male,16.75232524
20.31984328,92.11030103,154.4,Medium,Male,17.73445567
11.34075761,55.90097661,165.5,High,Male,14.61954673
15.24656527,53.86751704,162.7,High,Male,14.69249409
3.078686718,23.09973375,175.3,Low,Male,4.431570587
43.60365645,48.19695277,165.6,High,Male,16.2964426
32.7851051,56.17513697,180.5,Low,Male,10.72162031
21.33511174,70.8039597,166.6,Low,Male,11.53187288
16.68441239,49.30279768,167.1,Low,Female,8.618539044
21.98172186,68.91255071,172.5,Low,Male,11.36025101
17.07080656,81.79382997,175.3,High,Male,18.13831838
25.94857356,53.75819348,164.6,Low,Male,9.887837866
38.26961971,68.02586708,163.6,Low,Male,12.56160284
27.09729263,74.36188338,161.9,High,Female,18.06423849
27.31552995,55.20986001,159.1,Medium,Female,13.93558718
12.68991451,71.65665944,163.4,High,Male,16.58929443
35.77786445,56.34539257,154.7,Medium,Female,12.86503216
33.80564536,72.25999417,167.7,High,Male,18.35383487
20.68089962,70.24327203,161.8,High,Male,17.06309181
17.04820657,87.81252426,184.8,High,Male,18.84762471
25.01135327,77.5149726,158.7,Low,Female,12.61958526
31.51404377,96.12115101,155.1,Medium,Female,17.22269052
3.957934973,49.48020925,169.4,Medium,Female,9.502281968
29.02150932,97.52163899,161.2,Medium,Female,19.07159454
19.90089735,31.824319,164.9,High,Female,12.46128166
17.63509162,85.43647787,154.6,Medium,Female,14.84733556
19.35203861,69.25634234,169.1,High,Female,16.83992403
26.85087137,74.3860422,166.1,Low,Female,12.39740665
9.642222067,71.21827566,174.9,Low,Male,10.64318048
27.21601922,89.17307785,163.7,Medium,Female,16.05710875
27.81254666,86.75917898,164.3,Medium,Female,17.70304638
20.04927198,53.00969842,150.7,High,Female,14.97626704
31.39920496,42.33195383,168.6,Medium,Male,12.74150843
22.02986857,51.57249424,174.1,Medium,Male,13.08197301
34.77310651,26.67760905,154.4,Medium,Female,11.16247268
31.64138435,30.38682762,175.8,Low,Male,7.582975101
28.06473481,59.7685428,162.3,High,Female,16.41758986
24.92399307,54.48574091,170.3,Low,Male,9.891638407
23.315681,90.13734474,175.7,High,Male,19.62489038
29.08301527,45.91423994,154.9,Medium,Female,12.97902781
19.33755598,51.53273133,161.1,High,Female,14.74468896
32.67793178,54.29610424,173.6,High,Male,16.14094126
34.42775212,41.67943022,169.3,Medium,Male,11.02396011
45.49614999,62.64270833,158.4,Medium,Female,16.27168139
19.07824689,107.7823637,163.6,Medium,Female,19.48657286
16.80274036,58.64307591,160.4,Medium,Female,11.61490551
25.92022929,50.89189749,185.4,High,Male,15.19683328
31.54309429,62.05963288,168.9,Low,Male,11.31728719
40.8576439,70.03321821,173.5,High,Male,18.65623239
19.33879173,72.26357541,159.9,Low,Male,11.54424539
12.48944797,66.7703187,161.7,High,Female,15.99588999
26.18391297,68.7173159,168.3,Low,Male,11.67415442
26.92168418,43.15208569,161.1,Medium,Male,12.47935915
41.14039572,62.48826429,150,Low,Female,12.13753147
26.71066776,64.54145557,171.6,Medium,Male,14.98962703
14.31641994,62.63017019,170.7,Low,Male,10.00330234
34.96621983,74.86344282,166.9,High,Male,18.75450224
36.51021755,79.61038464,168.2,High,Female,19.43917328
24.78725998,96.70762406,169.6,Medium,Female,16.75256727
26.27025101,38.91708754,155.1,Medium,Female,10.04344057
9.278896067,81.29795996,151.6,Low,Male,11.80497686
25.12985389,71.15742583,164.2,Low,Female,11.87793316
26.65260111,60.28946239,160.2,Medium,Female,12.5992821
22.16276853,66.96075302,163.3,Medium,Female,13.02746955
18.60441478,67.72697135,155.8,Medium,Male,14.71596628
20.55642062,51.85187946,181.7,Medium,Male,12.99682809
19.99211614,65.57041096,156.4,High,Male,16.45575255
11.78735359,87.36143684,159.9,Medium,Female,16.48915529
16.75547124,49.76647564,169,Medium,Male,12.44563878
25.36440817,60.94399586,168,Medium,Female,14.45662566
20.2372724,69.18329145,154.1,Medium,Female,13.13566195
41.20425077,51.30206143,177.6,Low,Male,10.82098375
22.13697292,102.7721615,178.4,High,Male,21.02319495
25.38268227,84.89001392,158.2,Medium,Female,17.28735236
12.1760453,51.97583967,157.7,High,Female,14.22276649
44.09546665,92.77869602,159.6,Medium,Female,19.71997797
20.53848086,79.26898626,165.6,Medium,Male,14.35145703
27.08669638,73.33771057,162.5,Medium,Female,16.05907245
28.43528023,75.27006778,160.6,Medium,Female,16.39552561
23.87291801,59.85121406,175.2,High,Male,16.0912188
24.21626593,107.8048002,152.4,Medium,Female,19.90123786
27.07171874,59.7774855,171.5,Medium,Female,14.45570857
40.24334191,66.96405577,176.4,Medium,Male,14.4777281
30.95078388,36.5206994,177.1,Medium,Male,10.13563199
22.19771733,32.40495092,156.5,Medium,Female,10.830756
34.94919328,75.58509114,158.2,Medium,Female,16.95509219
28.18727525,79.2087752,158.8,Medium,Male,16.84100301
30.54637283,64.89726386,174.5,Medium,Male,15.33924882
14.86029961,85.44306453,166.1,Low,Female,12.74229655
25.66147514,79.58913592,162.1,High,Female,18.56670977
16.20769159,88.94462961,166,High,Male,18.91398451
5.943027819,64.80943806,161.7,Medium,Female,13.35594732
16.99975667,69.93945708,172.8,High,Male,16.73200734
36.67535892,38.05572397,164.7,Medium,Female,12.65935589
27.30238478,68.68103733,172.5,Medium,Male,15.52617477
27.14124672,35.28015577,164.4,Medium,Female,9.683575645
34.98337723,94.08363748,162.2,Low,Female,15.37684971
18.21927736,86.72722665,161.3,Medium,Female,16.92999372
20.47810215,66.97854015,163.3,Low,Female,11.0111703
17.54730806,83.88748039,158.8,Low,Female,12.77397103
18.38370684,63.80133942,179.6,High,Male,16.11775665
15.70488698,81.38841408,172.4,High,Male,17.98088571
31.01307883,92.13120883,170.4,Low,Male,14.82779165
20.62820084,122.8100677,185.7,High,Male,23.26971907
5.955007387,68.29866526,184,Low,Male,10.0025486
10.37987919,59.72942191,156.7,Medium,Female,11.2282144
13.87727193,98.50502163,163.5,Medium,Female,17.97337718
21.41557476,79.60836044,161.2,Low,Male,12.57857955
26.67891786,110.9618861,166.9,Low,Female,16.70511378
21.76544813,78.64394802,169.5,Medium,Female,16.259306
11.03229596,88.53002963,156.8,High,Female,18.44998755
21.26224261,81.25772638,156,Low,Female,12.76115924
26.43071575,104.4719236,152.2,Medium,Female,17.80171954
26.50647173,95.10188293,165.3,Medium,Female,18.58401732
20.99949972,54.67333229,173.5,Medium,Female,11.48240894
18.09567876,57.61826562,162.9,Medium,Male,13.48081093
31.61959339,93.39470235,158.9,High,Female,20.67563736
34.2296984,65.42444688,163.7,Medium,Male,13.81359099
7.055747855,81.75576104,166.9,Low,Male,11.68079414
33.24140022,63.68312418,152.5,High,Female,17.29521719
17.63021876,77.33506377,157.3,Medium,Female,13.88974944
29.4336426,65.86045612,156.1,Medium,Female,15.36382252
30.32851007,58.12159762,170.6,Medium,Male,12.63791385
19.61237331,71.51580698,157.5,High,Female,17.12775954
15.7442441,93.7911571,170,High,Male,19.44944616
37.98108889,45.57696501,157.9,High,Male,15.53601705
27.07185916,68.89341535,163.6,Low,Female,11.76616463
23.78007132,92.90684341,161.5,Medium,Female,16.22273305
36.98608827,56.4334099,165.8,High,Female,16.73893543
14.46720904,69.97367924,159.1,Low,Female,10.88304165
18.57070186,46.50369976,185.3,High,Male,14.08900714
38.78458713,60.52631858,152.5,High,Female,17.36673965
36.6726518,85.99122305,180,High,Male,20.2061053
24.18114096,41.17344716,181.7,Medium,Male,12.02581755
24.59177929,79.90515492,162.9,Medium,Female,16.63496115
12.8225954,62.63216606,171.3,Low,Male,9.883749425
20.1943499,84.68165502,173.7,Medium,Male,16.84668573
31.31185756,101.542812,170.4,Low,Male,15.96374687
6.651899884,72.09772486,160.7,Medium,Male,14.2739143
27.95536927,76.84624368,169.2,High,Male,18.42657829
33.23372568,59.88711947,159.2,High,Female,16.8460976
12.4048869,73.99798796,163.9,Medium,Male,13.07645281
22.04136487,81.91314847,171,High,Male,18.5510016
5.300128198,72.10202587,161.4,Medium,Female,14.16602486
4.686500932,70.69761194,176,Medium,Male,13.95088472
44.74433505,52.46986373,170.5,High,Male,16.89276424
24.7744784,87.66026473,171.9,High,Male,19.44919924
16.30144071,73.46581661,162.9,High,Female,17.09265504
21.50451725,70.3003833,171,High,Female,17.13588491
21.05335404,56.90358674,170.7,Low,Female,9.866927065
28.53321488,75.18104837,172.7,Low,Male,12.62624386
20.14745619,69.18904747,164.5,High,Female,16.895757
10.07437183,56.58363391,159.8,Medium,Female,10.83203597
16.47821479,63.67184705,166.2,Medium,Male,14.06634823
28.9259557,88.65668156,174.8,Low,Male,14.24990564
33.01904581,92.27398778,155.7,Medium,Female,18.77213555
14.40673944,69.69375491,164.2,Medium,Male,14.61173638
18.64108498,73.39628529,172.8,High,Male,17.27205421
36.4100301,91.72541073,164.4,Medium,Female,18.9792409
21.28935678,65.70257004,163.8,Medium,Female,12.8087749
28.09038897,50.73211233,180.7,High,Male,15.35197797
30.85755218,51.94975703,164,Medium,Female,13.8344329
21.48404663,90.51025329,172,Low,Male,13.87214678
26.53905518,54.5619352,175.5,Medium,Male,11.9134602
41.43518993,49.5812814,145,Low,Female,10.63618961
5.50254546,49.56445736,170.5,Low,Male,7.752788604
19.84133688,50.29050317,167.6,Low,Male,8.988389599
20.61460581,61.35846027,171.2,Medium,Male,14.12471204
28.30106208,71.63847093,163.2,High,Female,17.83899226
26.11327322,43.99751972,159.5,Low,Male,8.747805398
17.7833697,44.20300216,160.4,Medium,Female,11.87073171
0.436914281,61.0884096,160.6,Medium,Male,10.59146174
29.04084405,72.78034416,172.5,High,Male,18.03322905
17.42156784,60.45386399,175.7,High,Male,15.64509369
20.75976127,46.04575657,164.2,High,Female,14.21043952
27.84822909,93.96348814,163.7,Medium,Female,16.67380004
25.03935434,58.80248222,161.3,Medium,Female,14.17753648
0.970696159,51.39818269,163.7,Medium,Male,9.489349119
32.29834374,39.03894656,165.3,Medium,Female,12.42453552
32.96894001,74.37484846,176.8,Medium,Male,16.65330493
24.55246419,61.04071305,169,High,Female,16.28625238
10.70658946,68.4286391,176.6,High,Male,16.04885711
24.89517349,63.7421913,167,Medium,Female,14.74960945
14.20387106,52.8173227,157.1,Low,Male,8.834873095
24.97587974,69.65010522,160.9,Low,Female,11.68749368
19.36809976,55.5233951,172.9,Medium,Male,13.33533308
38.47696521,66.01701783,171,Medium,Male,16.10749816
15.06477368,88.69366774,176.4,Low,Male,13.14275728
24.18415105,75.70482201,169.7,Low,Male,12.33938024
32.64170872,79.17751985,164,High,Male,19.07781662
28.55256878,38.3992242,165.5,High,Female,13.93188888
10.80051837,75.56615124,165.9,Medium,Female,15.01638934
32.84278267,71.87368678,166.4,Medium,Male,16.34767211
14.93513511,73.3445591,169.2,Medium,Male,13.20214793
40.9285038,51.96117693,162.2,Medium,Female,14.64336464
16.53129671,62.37303224,173.7,Medium,Male,13.91714773
12.04683992,61.15279048,159.1,High,Female,15.29667739
15.16454935,107.8109795,179.1,High,Male,21.05942587
14.35478304,80.12538574,166.3,High,Male,17.72339296
24.33720738,81.16814915,162.1,Medium,Male,16.76377205
14.22074905,92.54184424,156.3,Medium,Female,15.41305255
35.47340243,78.04720255,182.8,Low,Male,13.52141339
16.82325945,94.49369666,162,Low,Female,13.96905194
36.96704707,93.92886528,163.2,Low,Female,15.51763219
34.87985458,62.69204164,158.7,Medium,Female,13.54288839
21.65838994,53.30095394,164.1,High,Female,15.13971339
18.61462978,81.15505798,172.7,Medium,Male,14.42002724
19.11460097,60.2917945,169.8,Low,Female,10.11178214
33.67631602,88.03139936,180.2,Low,Male,14.55695554
19.18395811,80.54266969,171.7,High,Male,18.15994386
25.0874848,63.66594156,154.3,High,Female,16.63933036
22.88910975,39.76317628,162.9,Medium,Female,9.872276031
13.78333284,90.91108139,172.2,Medium,Male,15.18529915
10.18256289,73.08579261,162.7,Medium,Male,14.67377749
32.85304983,72.09905937,175.8,High,Male,18.2584322
39.83623121,70.6546987,160.3,Medium,Female,16.76444634
